"","geoid","city_code","pop_total","pop_with_water_supply","pop_with_sewer_service","qty_water_supply_paralizations","has_selective_waste_collection"
"1",2200053,"220005",6933,6933,NA,0,"FALSE"
"2",2200251,"220025",7501,7501,NA,0,"FALSE"
"3",2200277,"220027",4832,4832,NA,12,"FALSE"
"4",2200459,"220045",5278,5278,NA,4,"FALSE"
"5",2200707,"220070",9597,9597,NA,0,NA
"6",2200905,"220090",5763,5763,NA,0,NA
"7",2200954,"220095",2460,NA,NA,NA,NA
"8",2201051,"220105",7686,7686,NA,19,"FALSE"
"9",2201101,"220110",11433,11433,NA,0,"TRUE"
"10",2201556,"220155",3919,NA,NA,NA,"FALSE"
"11",2201572,"220157",3464,3464,NA,0,NA
"12",2201705,"220170",5402,5402,NA,0,NA
"13",2201739,"220173",6097,NA,NA,NA,"FALSE"
"14",2201804,"220180",4436,4436,NA,0,NA
"15",2201903,"220190",24327,24327,NA,0,NA
"16",2201929,"220192",5549,5549,NA,0,NA
"17",2201988,"220198",3871,3871,NA,0,"FALSE"
"18",2202026,"220202",8188,8188,NA,16,"FALSE"
"19",2202075,"220207",3471,NA,NA,NA,NA
"20",2202091,"220209",5674,NA,NA,NA,NA
"21",2202109,"220210",5507,5507,NA,0,NA
"22",2202117,"220211",4911,NA,NA,NA,NA
"23",2202133,"220213",5801,5801,5801,0,"FALSE"
"24",2202251,"220225",3904,3904,NA,0,NA
"25",2202307,"220230",20700,20700,NA,0,"FALSE"
"26",2202455,"220245",4008,4008,NA,0,"FALSE"
"27",2202505,"220250",10641,10641,NA,0,NA
"28",2202554,"220255",4994,4994,NA,0,NA
"29",2202604,"220260",18160,18160,NA,0,"FALSE"
"30",2202752,"220275",6314,6314,NA,0,NA
"31",2202778,"220277",7527,7527,NA,0,NA
"32",2202802,"220280",4536,4536,NA,0,"FALSE"
"33",2202851,"220285",4602,4602,NA,0,NA
"34",2203107,"220310",10214,10214,NA,0,NA
"35",2203206,"220320",11121,11121,NA,0,NA
"36",2203230,"220323",4845,NA,NA,NA,NA
"37",2203271,"220327",5086,5086,NA,0,NA
"38",2203354,"220335",6862,6862,NA,0,NA
"39",2203404,"220340",6756,6756,NA,0,"FALSE"
"40",2203420,"220342",4290,4290,NA,0,NA
"41",2203453,"220345",9387,NA,NA,NA,"FALSE"
"42",2203602,"220360",4807,4807,NA,0,NA
"43",2203750,"220375",5199,NA,NA,NA,NA
"44",2203800,"220380",4394,4394,NA,0,NA
"45",2203859,"220385",2515,NA,NA,NA,NA
"46",2204154,"220415",3097,NA,NA,NA,"FALSE"
"47",2204204,"220420",9054,9054,NA,0,"FALSE"
"48",2204303,"220430",11372,11372,NA,0,"FALSE"
"49",2204352,"220435",5319,NA,NA,NA,NA
"50",2204550,"220455",4478,4478,NA,0,NA
"51",2204709,"220470",15044,15044,15044,0,"FALSE"
"52",2204808,"220480",9599,9599,NA,0,"FALSE"
"53",2204907,"220490",8408,8408,NA,0,NA
"54",2205003,"220500",11354,11354,NA,0,NA
"55",2205102,"220510",10828,10828,NA,0,"FALSE"
"56",2205151,"220515",5682,5682,NA,0,NA
"57",2205201,"220520",18660,18660,NA,0,NA
"58",2205359,"220535",2965,2965,2965,3,"FALSE"
"59",2205516,"220551",5380,5380,NA,0,"FALSE"
"60",2205524,"220552",5510,5510,NA,0,NA
"61",2205532,"220553",4657,4657,NA,0,NA
"62",2205565,"220556",4579,NA,NA,NA,"FALSE"
"63",2205573,"220557",6611,NA,NA,NA,NA
"64",2205599,"220559",5047,NA,NA,NA,NA
"65",2205904,"220590",5263,5263,NA,0,NA
"66",2205953,"220595",8249,NA,NA,NA,NA
"67",2206050,"220605",6323,NA,NA,NA,NA
"68",2206357,"220635",6517,6517,NA,25,"FALSE"
"69",2206506,"220650",7586,7586,NA,0,"FALSE"
"70",2206654,"220665",4073,NA,NA,NA,NA
"71",2206704,"220670",7261,7261,NA,0,NA
"72",2206902,"220690",6483,6483,NA,0,NA
"73",2207009,"220700",36329,36329,36329,0,"FALSE"
"74",2207207,"220720",6748,6748,NA,0,NA
"75",2207306,"220730",4071,4071,NA,0,"FALSE"
"76",2207355,"220735",3308,3308,NA,4,NA
"77",2207405,"220740",4980,4980,NA,0,NA
"78",2207553,"220755",3900,3900,NA,0,NA
"79",2207777,"220777",6257,6257,NA,0,NA
"80",2207801,"220780",20168,20168,NA,0,NA
"81",2207850,"220785",3637,3637,NA,0,NA
"82",2207900,"220790",38055,38055,NA,0,NA
"83",2207934,"220793",2481,NA,NA,NA,NA
"84",2207959,"220795",4286,4286,NA,0,NA
"85",2208007,"220800",76544,76544,76544,0,NA
"86",2208106,"220810",11913,11913,NA,0,"FALSE"
"87",2208205,"220820",18061,18061,NA,0,"FALSE"
"88",2208304,"220830",28160,28160,NA,0,"FALSE"
"89",2208650,"220865",8796,NA,NA,NA,NA
"90",2208700,"220870",8600,NA,8600,NA,"FALSE"
"91",2208874,"220887",4381,NA,NA,NA,NA
"92",2209005,"220900",6329,6329,NA,0,NA
"93",2209104,"220910",6127,6127,NA,0,NA
"94",2209153,"220915",3926,3926,NA,0,"FALSE"
"95",2209302,"220930",5719,5719,NA,0,NA
"96",2209351,"220935",4544,4544,NA,0,NA
"97",2209377,"220937",5178,5178,NA,0,"FALSE"
"98",2209401,"220940",6244,6244,NA,0,NA
"99",2209500,"220950",3720,3720,NA,0,NA
"100",2209559,"220955",4371,4371,NA,0,NA
"101",2209658,"220965",5786,5786,NA,0,"FALSE"
"102",2209708,"220970",6329,6329,NA,0,NA
"103",2209856,"220985",4523,4523,NA,0,"FALSE"
"104",2209872,"220987",5898,NA,NA,NA,NA
"105",2209906,"220990",6081,6081,NA,0,NA
"106",2209955,"220995",4747,4747,NA,0,"FALSE"
"107",2210003,"221000",20146,20146,20146,0,NA
"108",2210052,"221005",5246,5246,NA,0,NA
"109",2210102,"221010",3697,3697,NA,0,NA
"110",2210201,"221020",6610,6610,NA,0,NA
"111",2210300,"221030",6244,6244,NA,0,"FALSE"
"112",2210359,"221035",4493,4493,NA,0,NA
"113",2210375,"221037",2595,2595,NA,0,NA
"114",2210391,"221039",2993,NA,NA,NA,"FALSE"
"115",2210409,"221040",18105,18105,NA,0,NA
"116",2210607,"221060",33802,33802,NA,0,"FALSE"
"117",2210631,"221063",4209,4209,NA,0,"FALSE"
"118",2210706,"221070",14411,14411,NA,0,NA
"119",2210805,"221080",12424,12424,NA,0,NA
"120",2210904,"221090",4512,4512,NA,0,NA
"121",2210938,"221093",6545,NA,NA,NA,NA
"122",2210953,"221095",2851,NA,NA,NA,NA
"123",2210979,"221097",2703,NA,NA,NA,NA
"124",2211308,"221130",20568,20568,NA,0,NA
"125",2211357,"221135",4889,4889,NA,0,"FALSE"
"126",2211506,"221150",3025,NA,NA,NA,NA
"127",2211605,"221160",2965,NA,NA,NA,NA
"128",2211704,"221170",4375,4375,NA,0,"FALSE"
"129",2300101,"230010",11357,11357,NA,1,NA
"130",2300150,"230015",16288,16288,16288,22,NA
"131",2300309,"230030",53135,53135,53135,12,"FALSE"
"132",2300408,"230040",16997,NA,NA,NA,NA
"133",2300507,"230050",11321,11321,11321,4,"FALSE"
"134",2300606,"230060",7344,7344,7344,7,NA
"135",2300705,"230070",16876,16876,NA,1,NA
"136",2300804,"230080",7227,7227,NA,1,NA
"137",2300903,"230090",14565,14565,NA,1,"FALSE"
"138",2301109,"230110",72727,72727,72727,40,"FALSE"
"139",2301208,"230120",26134,26134,NA,12,NA
"140",2301257,"230125",10775,10775,NA,3,"FALSE"
"141",2301307,"230130",21289,21289,NA,8,"FALSE"
"142",2301406,"230140",11358,11358,11358,0,"FALSE"
"143",2301505,"230150",7771,7771,NA,3,NA
"144",2301604,"230160",23126,23126,NA,1,NA
"145",2301703,"230170",24602,24602,24602,3,"FALSE"
"146",2301802,"230180",6198,6198,NA,1,NA
"147",2301851,"230185",17906,17906,NA,15,NA
"148",2301901,"230190",58855,58855,58855,24,NA
"149",2301950,"230195",20687,20687,20687,42,"TRUE"
"150",2302008,"230200",22279,22279,22279,8,NA
"151",2302107,"230210",34949,34949,34949,13,"FALSE"
"152",2302404,"230240",53838,53838,53838,9,"FALSE"
"153",2302503,"230250",48056,NA,NA,NA,"TRUE"
"154",2302701,"230270",27123,27123,27123,33,NA
"155",2302800,"230280",76998,76998,76998,0,"FALSE"
"156",2302909,"230290",17573,17573,NA,3,NA
"157",2303006,"230300",21800,21800,NA,22,"FALSE"
"158",2303105,"230310",18645,18645,NA,5,"FALSE"
"159",2303204,"230320",26858,26858,NA,30,NA
"160",2303303,"230330",18810,18810,NA,1,NA
"161",2303402,"230340",17463,17463,NA,31,"FALSE"
"162",2303600,"230360",20079,20079,20079,2,"FALSE"
"163",2303659,"230365",10294,10294,NA,4,NA
"164",2303709,"230370",353932,353932,353932,149,NA
"165",2303808,"230380",25013,25013,25013,2,NA
"166",2303931,"230393",13294,13294,NA,6,NA
"167",2303956,"230395",19192,19192,19192,6,"FALSE"
"168",2304004,"230400",22889,22889,22889,19,"FALSE"
"169",2304103,"230410",74271,74271,74271,1,NA
"170",2304202,"230420",128680,128680,128680,36,NA
"171",2304236,"230423",17728,17728,17728,6,"FALSE"
"172",2304269,"230426",9444,9444,NA,52,"FALSE"
"173",2304277,"230427",7104,7104,NA,1,NA
"174",2304301,"230430",18861,18861,NA,4,"FALSE"
"175",2304350,"230435",23544,23544,23544,7,"FALSE"
"176",2304509,"230450",13541,13541,13541,12,"FALSE"
"177",2304608,"230460",6763,6763,NA,1,"TRUE"
"178",2304657,"230465",15294,15294,15294,8,"FALSE"
"179",2304806,"230480",4494,4494,4494,0,"FALSE"
"180",2304905,"230490",10847,10847,10847,6,"FALSE"
"181",2305001,"230500",39151,39151,39151,15,"FALSE"
"182",2305100,"230510",3720,3720,3720,0,NA
"183",2305209,"230520",20055,20055,NA,34,NA
"184",2305233,"230523",63365,63365,63365,14,"FALSE"
"185",2305266,"230526",13188,NA,NA,NA,"FALSE"
"186",2305308,"230530",24649,24649,NA,9,"FALSE"
"187",2305332,"230533",12130,12130,NA,12,NA
"188",2305357,"230535",19418,19418,NA,6,"FALSE"
"189",2305407,"230540",67198,67198,67198,14,"FALSE"
"190",2305506,"230550",101386,101386,101386,6,"FALSE"
"191",2305605,"230560",25957,25957,25957,1,NA
"192",2305654,"230565",11499,NA,NA,NA,NA
"193",2305704,"230570",12305,12305,NA,0,"FALSE"
"194",2305803,"230580",41391,NA,NA,NA,"FALSE"
"195",2305902,"230590",38022,NA,NA,NA,NA
"196",2306009,"230600",14071,14071,14071,9,"FALSE"
"197",2306108,"230610",23543,23543,NA,32,"FALSE"
"198",2306207,"230620",7656,7656,NA,23,"FALSE"
"199",2306306,"230630",51113,51113,51113,11,NA
"200",2306405,"230640",124950,124950,124950,17,"TRUE"
"201",2306504,"230650",19724,19724,NA,8,"FALSE"
"202",2306603,"230660",20285,20285,NA,0,"FALSE"
"203",2306702,"230670",17997,17997,17997,16,"FALSE"
"204",2306801,"230680",11102,11102,11102,7,NA
"205",2306900,"230690",34561,34561,34561,90,"FALSE"
"206",2307007,"230700",33469,33469,NA,6,NA
"207",2307106,"230710",27072,NA,NA,NA,NA
"208",2307205,"230720",7807,7807,NA,3,"FALSE"
"209",2307304,"230730",266022,266022,266022,307,"TRUE"
"210",2307403,"230740",24479,24479,24479,10,NA
"211",2307502,"230750",31383,31383,NA,47,NA
"212",2307601,"230760",58175,58175,58175,7,NA
"213",2307635,"230763",19425,NA,NA,NA,NA
"214",2307700,"230770",123570,123570,123570,88,NA
"215",2308005,"230800",37560,37560,37560,30,"FALSE"
"216",2308104,"230810",46113,46113,46113,6,"TRUE"
"217",2308203,"230820",14674,14674,NA,7,NA
"218",2308302,"230830",28354,28354,NA,11,NA
"219",2308351,"230835",13170,NA,NA,NA,NA
"220",2308377,"230837",13428,13428,NA,8,NA
"221",2308401,"230840",35240,35240,35240,30,NA
"222",2308500,"230850",43619,43619,NA,10,"FALSE"
"223",2308609,"230860",17012,17012,NA,5,NA
"224",2308708,"230870",61903,61903,61903,2,NA
"225",2309003,"230900",14357,14357,14357,13,NA
"226",2309102,"230910",12526,12526,12526,2,"FALSE"
"227",2309201,"230920",15181,15181,NA,2,"TRUE"
"228",2309300,"230930",31870,NA,NA,NA,NA
"229",2309409,"230940",28220,28220,28220,25,"TRUE"
"230",2309458,"230945",25123,25123,25123,15,"FALSE"
"231",2309508,"230950",21394,21394,NA,25,NA
"232",2309607,"230960",68800,68800,68800,5,NA
"233",2309805,"230980",11910,11910,11910,3,NA
"234",2309904,"230990",6168,6168,NA,5,NA
"235",2310001,"231000",9209,9209,NA,30,"FALSE"
"236",2310100,"231010",12895,12895,12895,1,NA
"237",2310308,"231030",31293,31293,NA,10,"FALSE"
"238",2310407,"231040",11549,11549,11549,10,"FALSE"
"239",2310506,"231050",42746,42746,NA,18,"FALSE"
"240",2310605,"231060",8817,8817,NA,5,NA
"241",2310704,"231070",36773,36773,NA,29,"FALSE"
"242",2310803,"231080",16115,16115,NA,0,NA
"243",2310902,"231090",16461,16461,NA,3,"TRUE"
"244",2310951,"231095",10674,10674,NA,30,NA
"245",2311009,"231100",12224,12224,12224,13,"FALSE"
"246",2311108,"231110",15010,15010,15010,4,NA
"247",2311207,"231120",10790,10790,NA,1,"FALSE"
"248",2311231,"231123",6318,6318,NA,0,NA
"249",2311264,"231126",20690,20690,NA,1,"FALSE"
"250",2311306,"231130",85351,85351,85351,8,"FALSE"
"251",2311355,"231135",14949,14949,14949,12,"FALSE"
"252",2311405,"231140",77174,77174,NA,194,"FALSE"
"253",2311504,"231150",21572,21572,NA,17,"FALSE"
"254",2311603,"231160",27272,27272,27272,61,NA
"255",2311702,"231170",19015,19015,NA,59,NA
"256",2311801,"231180",75018,75018,75018,11,NA
"257",2311900,"231190",15753,15753,15753,2,"TRUE"
"258",2311959,"231195",16161,16161,16161,0,NA
"259",2312007,"231200",31596,31596,NA,0,NA
"260",2312106,"231210",17468,17468,NA,4,"TRUE"
"261",2312205,"231220",43359,43359,NA,12,"FALSE"
"262",2312304,"231230",46171,46171,46171,13,"FALSE"
"263",2312502,"231250",7721,NA,NA,NA,NA
"264",2312700,"231270",26547,26547,NA,10,NA
"265",2312908,"231290",201756,201756,201756,19,"TRUE"
"266",2313005,"231300",18094,18094,NA,20,"FALSE"
"267",2313104,"231310",30263,30263,30263,19,NA
"268",2313203,"231320",25597,25597,NA,30,NA
"269",2313252,"231325",8899,8899,8899,0,"FALSE"
"270",2313302,"231330",57701,57701,57701,51,"TRUE"
"271",2313351,"231335",18510,18510,NA,30,NA
"272",2313401,"231340",73468,73468,73468,18,"FALSE"
"273",2313609,"231360",33792,33792,NA,13,"FALSE"
"274",2313708,"231370",7665,7665,7665,2,"FALSE"
"275",2313757,"231375",19521,19521,NA,6,"FALSE"
"276",2313807,"231380",21206,21206,NA,2,NA
"277",2313955,"231395",18136,18136,NA,38,"FALSE"
"278",2314003,"231400",40062,40062,40062,14,"FALSE"
"279",2400109,"240010",11344,11344,11344,NA,"FALSE"
"280",2400208,"240020",57292,57292,NA,NA,"FALSE"
"281",2400307,"240030",11202,11202,11202,NA,"FALSE"
"282",2400406,"240040",3210,3210,NA,NA,"FALSE"
"283",2400505,"240050",13852,13852,13852,0,NA
"284",2400604,"240060",4899,4899,NA,NA,"FALSE"
"285",2400703,"240070",13915,13915,13915,NA,"FALSE"
"286",2400802,"240080",11907,11907,NA,NA,NA
"287",2400901,"240090",7205,7205,7205,NA,"FALSE"
"288",2401008,"240100",36189,36189,NA,NA,"FALSE"
"289",2401107,"240110",27356,27356,NA,NA,"TRUE"
"290",2401305,"240130",9716,9716,NA,NA,"TRUE"
"291",2401453,"240145",27238,27238,NA,NA,NA
"292",2401503,"240150",4066,4066,NA,NA,"FALSE"
"293",2401602,"240160",5458,5458,NA,NA,"FALSE"
"294",2401651,"240165",2358,2358,NA,NA,"FALSE"
"295",2401701,"240170",10114,10114,NA,NA,NA
"296",2401800,"240180",12509,12509,NA,5,"FALSE"
"297",2401859,"240185",6587,6587,NA,NA,NA
"298",2401909,"240190",3608,3608,3608,NA,NA
"299",2402006,"240200",67259,67259,67259,NA,"FALSE"
"300",2402105,"240210",11066,11066,11066,NA,NA
"301",2402303,"240230",20564,20564,NA,NA,NA
"302",2402402,"240240",8045,8045,NA,NA,"FALSE"
"303",2402501,"240250",10760,10760,10760,NA,NA
"304",2402709,"240270",11318,11318,NA,NA,NA
"305",2402808,"240280",5587,5587,NA,NA,"FALSE"
"306",2402907,"240290",4963,4963,NA,NA,"FALSE"
"307",2403004,"240300",8164,8164,8164,NA,"FALSE"
"308",2403103,"240310",44887,44887,44887,NA,NA
"309",2403202,"240320",7184,7184,7184,NA,NA
"310",2403301,"240330",5593,5593,5593,NA,"FALSE"
"311",2403400,"240340",6087,6087,NA,NA,NA
"312",2403707,"240370",6013,6013,NA,NA,NA
"313",2403756,"240375",3037,3037,NA,NA,NA
"314",2403806,"240380",9254,9254,9254,NA,NA
"315",2403905,"240390",2909,2909,NA,NA,NA
"316",2404002,"240400",4228,4228,NA,NA,"FALSE"
"317",2404101,"240410",2584,NA,NA,NA,"FALSE"
"318",2404309,"240430",13048,13048,NA,NA,NA
"319",2404408,"240440",10197,10197,NA,NA,NA
"320",2404507,"240450",14633,14633,NA,NA,"FALSE"
"321",2404606,"240460",13400,13400,NA,NA,"FALSE"
"322",2404705,"240470",15147,15147,NA,NA,"FALSE"
"323",2404804,"240480",2221,2221,NA,NA,"FALSE"
"324",2404853,"240485",7457,NA,NA,NA,NA
"325",2404903,"240490",5878,5878,NA,NA,NA
"326",2405009,"240500",8827,8827,NA,NA,"FALSE"
"327",2405108,"240510",6898,6898,NA,NA,NA
"328",2405207,"240520",5419,5419,NA,NA,NA
"329",2405306,"240530",9879,9879,NA,NA,NA
"330",2405405,"240540",5366,5366,NA,NA,NA
"331",2405504,"240550",2669,2669,NA,NA,NA
"332",2405603,"240560",14606,14606,14606,NA,"FALSE"
"333",2405702,"240570",12553,12553,NA,NA,"FALSE"
"334",2405801,"240580",34585,34585,34585,NA,"TRUE"
"335",2405900,"240590",2691,2691,NA,NA,"FALSE"
"336",2406007,"240600",6049,6049,6049,NA,NA
"337",2406106,"240610",18450,18450,18450,NA,"FALSE"
"338",2406205,"240620",6692,6692,NA,NA,NA
"339",2406304,"240630",7478,7478,NA,NA,"FALSE"
"340",2406403,"240640",2765,2765,NA,NA,NA
"341",2406502,"240650",15274,15274,15274,NA,"FALSE"
"342",2406601,"240660",8142,8142,NA,NA,NA
"343",2406700,"240670",11151,11151,11151,NA,"FALSE"
"344",2406809,"240680",4803,4803,4803,NA,NA
"345",2406908,"240690",3933,3933,3933,NA,"TRUE"
"346",2407005,"240700",10129,10129,NA,NA,NA
"347",2407104,"240710",78021,78021,78021,NA,"FALSE"
"348",2407203,"240720",31318,31318,31318,NA,"FALSE"
"349",2407252,"240725",3906,NA,NA,NA,"FALSE"
"350",2407302,"240730",8499,8499,NA,NA,"FALSE"
"351",2407401,"240740",8706,8706,NA,NA,"FALSE"
"352",2407609,"240760",4530,4530,NA,NA,NA
"353",2407807,"240780",22155,22155,22155,NA,NA
"354",2407906,"240790",2219,2219,NA,NA,NA
"355",2408003,"240800",288162,288162,288162,NA,"TRUE"
"356",2408300,"240830",37395,37395,37395,NA,"FALSE"
"357",2408409,"240840",4370,4370,NA,NA,NA
"358",2408508,"240850",4871,4871,4871,NA,"FALSE"
"359",2408607,"240860",4222,4222,NA,NA,"FALSE"
"360",2408706,"240870",3891,3891,NA,NA,"FALSE"
"361",2408805,"240880",5173,5173,NA,NA,NA
"362",2408904,"240890",21483,21483,21483,NA,"TRUE"
"363",2409100,"240910",12655,12655,12655,NA,"FALSE"
"364",2409209,"240920",3075,3075,NA,NA,NA
"365",2409308,"240930",12706,12706,NA,NA,NA
"366",2409332,"240933",5341,5341,NA,NA,NA
"367",2409407,"240940",29954,29954,29954,NA,"FALSE"
"368",2409506,"240950",3429,3429,NA,NA,"FALSE"
"369",2409605,"240960",2568,2568,NA,NA,NA
"370",2409704,"240970",7059,7059,7059,NA,NA
"371",2409902,"240990",14751,14751,14751,NA,NA
"372",2410009,"241000",3761,3761,NA,NA,"FALSE"
"373",2410108,"241010",15139,15139,NA,NA,NA
"374",2410207,"241020",7811,7811,NA,NA,"FALSE"
"375",2410256,"241025",5884,5884,NA,NA,"FALSE"
"376",2410306,"241030",9814,9814,NA,NA,NA
"377",2410405,"241040",9331,9331,NA,NA,NA
"378",2410504,"241050",5040,5040,NA,NA,"FALSE"
"379",2410603,"241060",3213,3213,NA,NA,NA
"380",2410702,"241070",3485,3485,NA,NA,NA
"381",2410801,"241080",4278,4278,NA,NA,"FALSE"
"382",2410900,"241090",7863,7863,7863,NA,NA
"383",2411007,"241100",4547,4547,NA,NA,NA
"384",2411056,"241105",4019,4019,NA,NA,NA
"385",2411106,"241110",3678,3678,NA,NA,NA
"386",2411205,"241120",38924,38924,38924,6,"FALSE"
"387",2411403,"241140",13605,13605,NA,NA,NA
"388",2411429,"241142",2675,2675,2675,NA,"TRUE"
"389",2411502,"241150",23865,23865,23865,NA,"FALSE"
"390",2411601,"241160",2905,2905,NA,NA,NA
"391",2411700,"241170",4318,4318,4318,NA,"FALSE"
"392",2411809,"241180",3587,3587,3587,NA,NA
"393",2411908,"241190",4173,4173,NA,NA,"FALSE"
"394",2412104,"241210",6218,6218,NA,NA,"FALSE"
"395",2412302,"241230",12933,12933,NA,NA,NA
"396",2412401,"241240",4567,4567,4567,NA,NA
"397",2412500,"241250",23274,23274,NA,NA,"TRUE"
"398",2412559,"241255",9427,9427,NA,NA,NA
"399",2412609,"241260",17239,17239,17239,NA,NA
"400",2412708,"241270",6216,6216,NA,NA,NA
"401",2412807,"241280",8347,8347,8347,NA,NA
"402",2412906,"241290",11205,11205,11205,NA,NA
"403",2413003,"241300",6400,6400,NA,NA,NA
"404",2413102,"241310",6087,6087,NA,NA,NA
"405",2413300,"241330",5883,5883,NA,NA,NA
"406",2413359,"241335",11507,11507,NA,NA,NA
"407",2413409,"241340",8130,8130,8130,12,"FALSE"
"408",2413508,"241350",6518,6518,NA,NA,"FALSE"
"409",2413557,"241355",4797,4797,NA,NA,NA
"410",2413607,"241360",3893,3893,NA,NA,NA
"411",2413706,"241370",5433,5433,NA,NA,NA
"412",2413805,"241380",2518,2518,NA,NA,"FALSE"
"413",2413904,"241390",12366,12366,NA,NA,NA
"414",2414001,"241400",15529,15529,NA,NA,NA
"415",2414100,"241410",10646,10646,NA,NA,"FALSE"
"416",2414159,"241415",5757,5757,NA,NA,NA
"417",2414308,"241430",2418,2418,NA,NA,NA
"418",2414407,"241440",33506,33506,NA,NA,NA
"419",2414456,"241445",3366,3366,NA,NA,NA
"420",2414506,"241450",10835,10835,NA,NA,NA
"421",2414605,"241460",14282,14282,NA,NA,"FALSE"
"422",2414704,"241470",5512,5512,NA,NA,"FALSE"
"423",2414753,"241475",4121,4121,NA,NA,"FALSE"
"424",2414803,"241480",12016,12016,NA,NA,NA
"425",2414902,"241490",1714,1714,NA,NA,"FALSE"
"426",2500106,"250010",10083,10083,NA,NA,NA
"427",2500205,"250020",5573,5573,NA,NA,"FALSE"
"428",2500536,"250053",5451,5451,5451,0,"FALSE"
"429",2500577,"250057",2475,2475,NA,NA,NA
"430",2500700,"250070",17929,17929,NA,NA,"FALSE"
"431",2500734,"250073",2212,2212,2212,NA,NA
"432",2500775,"250077",8263,8263,NA,NA,"FALSE"
"433",2500908,"250090",13355,13355,13355,NA,"FALSE"
"434",2501005,"250100",20051,20051,20051,NA,"FALSE"
"435",2501153,"250115",1880,1880,1880,NA,"FALSE"
"436",2501203,"250120",6900,6900,NA,NA,"FALSE"
"437",2501302,"250130",19204,19204,NA,NA,"FALSE"
"438",2501351,"250135",3830,NA,NA,NA,"FALSE"
"439",2501500,"250150",21235,21235,NA,NA,NA
"440",2501534,"250153",4758,NA,NA,NA,"FALSE"
"441",2501575,"250157",8249,8249,NA,NA,"FALSE"
"442",2501609,"250160",15145,15145,NA,NA,NA
"443",2501708,"250170",5905,5905,NA,NA,"FALSE"
"444",2502003,"250200",7320,7320,7320,NA,"FALSE"
"445",2502052,"250205",3356,3356,NA,NA,NA
"446",2502102,"250210",5473,5473,NA,NA,"FALSE"
"447",2502151,"250215",6884,6884,NA,NA,"FALSE"
"448",2502201,"250220",2532,2532,NA,NA,"FALSE"
"449",2502300,"250230",5007,5007,NA,NA,"FALSE"
"450",2502409,"250240",11684,11684,11684,NA,"FALSE"
"451",2502508,"250250",17670,17670,17670,NA,"FALSE"
"452",2502607,"250260",6191,6191,NA,NA,"FALSE"
"453",2502805,"250280",13900,13900,NA,NA,NA
"454",2502904,"250290",6413,6413,NA,NA,NA
"455",2503100,"250310",5449,5449,NA,NA,NA
"456",2503308,"250330",10114,10114,NA,NA,"FALSE"
"457",2503407,"250340",3713,3713,NA,NA,"FALSE"
"458",2503506,"250350",17149,17149,NA,NA,"FALSE"
"459",2503555,"250355",7112,7112,7112,NA,"FALSE"
"460",2503605,"250360",7293,7293,NA,NA,NA
"461",2503704,"250370",61431,61431,61431,NA,"FALSE"
"462",2503753,"250375",3165,3165,3165,NA,"FALSE"
"463",2503902,"250390",5971,5971,5971,NA,"FALSE"
"464",2504009,"250400",405072,405072,405072,NA,"FALSE"
"465",2504074,"250407",4115,4115,4115,NA,NA
"466",2504108,"250410",2601,2601,NA,NA,"FALSE"
"467",2504157,"250415",7394,7394,NA,NA,"FALSE"
"468",2504207,"250420",4920,4920,4920,NA,"FALSE"
"469",2504306,"250430",30179,30179,30179,NA,"FALSE"
"470",2504355,"250435",4779,4779,NA,NA,"FALSE"
"471",2504405,"250440",18860,18860,18860,NA,"FALSE"
"472",2504504,"250450",6733,6733,NA,NA,NA
"473",2504702,"250470",4780,4780,NA,NA,"FALSE"
"474",2504801,"250480",15409,NA,NA,NA,"FALSE"
"475",2504850,"250485",1892,1892,NA,NA,"FALSE"
"476",2505006,"250500",7193,7193,7193,NA,NA
"477",2505105,"250510",20325,20325,NA,NA,NA
"478",2505303,"250530",2523,NA,NA,NA,NA
"479",2505352,"250535",5246,5246,NA,NA,"FALSE"
"480",2505402,"250540",8253,8253,NA,NA,"FALSE"
"481",2505501,"250550",3744,3744,NA,NA,NA
"482",2505600,"250560",6591,6591,6591,NA,"FALSE"
"483",2505709,"250570",10456,10456,NA,NA,"TRUE"
"484",2505907,"250590",3485,3485,NA,NA,"FALSE"
"485",2506004,"250600",32785,32785,NA,NA,"FALSE"
"486",2506103,"250610",11378,11378,NA,NA,"FALSE"
"487",2506202,"250620",2986,2986,2986,NA,"FALSE"
"488",2506251,"250625",8450,8450,NA,NA,NA
"489",2506509,"250650",3376,3376,NA,NA,NA
"490",2506608,"250660",5974,5974,NA,NA,"FALSE"
"491",2506707,"250670",11749,11749,NA,NA,"FALSE"
"492",2506806,"250680",18042,18042,NA,NA,NA
"493",2506905,"250690",24565,24565,NA,NA,NA
"494",2507002,"250700",24499,24499,24499,NA,NA
"495",2507200,"250720",10739,10739,NA,NA,"FALSE"
"496",2507408,"250740",7717,7717,7717,NA,"FALSE"
"497",2507705,"250770",17902,17902,NA,NA,NA
"498",2507804,"250780",7054,NA,NA,NA,NA
"499",2508000,"250800",9892,9892,NA,NA,"FALSE"
"500",2508109,"250810",4687,4687,NA,NA,NA
"501",2508307,"250830",27247,27247,27247,NA,"FALSE"
"502",2508406,"250840",2765,2765,NA,NA,"FALSE"
"503",2508505,"250850",7355,7355,NA,NA,NA
"504",2508554,"250855",4254,4254,NA,NA,"FALSE"
"505",2508703,"250870",4026,4026,4026,7,"FALSE"
"506",2508802,"250880",5672,5672,NA,NA,"FALSE"
"507",2509008,"250900",11066,11066,11066,NA,"FALSE"
"508",2509156,"250915",6522,6522,NA,NA,NA
"509",2509206,"250920",13654,13654,NA,NA,NA
"510",2509370,"250937",2869,2869,NA,NA,"FALSE"
"511",2509396,"250939",6441,6441,6441,NA,"FALSE"
"512",2509404,"250940",13317,13317,NA,NA,"FALSE"
"513",2509503,"250950",5528,5528,NA,NA,"FALSE"
"514",2509602,"250960",4759,4759,NA,NA,NA
"515",2509701,"250970",32774,32774,32774,NA,NA
"516",2509909,"250990",10450,10450,NA,NA,"FALSE"
"517",2510006,"251000",7318,7318,NA,NA,NA
"518",2510105,"251010",10650,10650,NA,NA,NA
"519",2510204,"251020",5999,5999,NA,NA,"FALSE"
"520",2510303,"251030",4784,4784,4784,NA,"FALSE"
"521",2510402,"251040",6646,6646,NA,NA,"FALSE"
"522",2510501,"251050",3880,3880,NA,NA,NA
"523",2510600,"251060",3023,3023,3023,NA,"FALSE"
"524",2510659,"251065",1795,1795,NA,NA,NA
"525",2510709,"251070",2383,2383,NA,NA,NA
"526",2510808,"251080",106314,106314,106314,NA,"FALSE"
"527",2510907,"251090",12216,12216,NA,NA,"FALSE"
"528",2511004,"251100",3796,3796,3796,2,"FALSE"
"529",2511103,"251110",7982,7982,7982,NA,"FALSE"
"530",2511301,"251130",15985,15985,NA,NA,"FALSE"
"531",2511400,"251140",18670,18670,NA,NA,NA
"532",2512002,"251200",18272,18272,NA,NA,"FALSE"
"533",2512036,"251203",3778,3778,NA,NA,"FALSE"
"534",2512077,"251207",4245,4245,NA,NA,"FALSE"
"535",2512101,"251210",32712,32712,32712,NA,"FALSE"
"536",2512200,"251220",4109,4109,NA,NA,NA
"537",2512309,"251230",22995,22995,NA,NA,NA
"538",2512408,"251240",13557,13557,NA,NA,NA
"539",2512507,"251250",43667,43667,43667,NA,"FALSE"
"540",2512606,"251260",1901,1901,1901,NA,"FALSE"
"541",2512705,"251270",19149,19149,NA,NA,"FALSE"
"542",2512747,"251274",3531,3531,NA,NA,"FALSE"
"543",2512754,"251275",4476,4476,NA,NA,NA
"544",2512788,"251278",1923,1923,NA,NA,"FALSE"
"545",2512804,"251280",8563,8563,8563,NA,"FALSE"
"546",2513000,"251300",3871,3871,3871,NA,"FALSE"
"547",2513109,"251310",12144,12144,NA,NA,"FALSE"
"548",2513158,"251315",6583,NA,NA,NA,NA
"549",2513208,"251320",6579,6579,NA,NA,"FALSE"
"550",2513307,"251330",5917,5917,5917,NA,"FALSE"
"551",2513356,"251335",3594,3594,3594,3,"FALSE"
"552",2513406,"251340",15278,15278,15278,NA,"FALSE"
"553",2513505,"251350",5223,5223,NA,NA,"FALSE"
"554",2513604,"251360",7113,7113,NA,NA,"FALSE"
"555",2513653,"251365",2680,2680,NA,NA,NA
"556",2513802,"251380",4592,4592,NA,NA,"FALSE"
"557",2513851,"251385",2541,NA,NA,NA,NA
"558",2513901,"251390",33464,33464,33464,NA,"FALSE"
"559",2513927,"251392",4451,4451,NA,NA,NA
"560",2513943,"251394",2563,2563,2563,NA,"FALSE"
"561",2513968,"251396",3061,NA,NA,NA,NA
"562",2513984,"251398",3375,3375,NA,NA,"FALSE"
"563",2514008,"251400",4323,4323,NA,NA,NA
"564",2514107,"251410",4432,NA,NA,NA,NA
"565",2514206,"251420",7677,7677,NA,NA,"FALSE"
"566",2514305,"251430",6231,6231,NA,NA,NA
"567",2514404,"251440",4684,4684,NA,NA,NA
"568",2514503,"251450",19956,19956,NA,NA,"FALSE"
"569",2514552,"251455",3955,NA,NA,NA,NA
"570",2514602,"251460",3492,3492,NA,NA,"FALSE"
"571",2514651,"251465",1780,1780,1780,NA,"FALSE"
"572",2514701,"251470",4124,4124,4124,NA,"FALSE"
"573",2514800,"251480",3729,3729,NA,NA,NA
"574",2514909,"251490",7756,7756,7756,NA,"FALSE"
"575",2515104,"251510",11677,11677,NA,NA,"FALSE"
"576",2515203,"251520",3440,3440,3440,0,"FALSE"
"577",2515401,"251540",10900,10900,NA,NA,"FALSE"
"578",2515500,"251550",13564,13564,NA,NA,NA
"579",2515708,"251570",3078,3078,NA,NA,"FALSE"
"580",2516003,"251600",26734,26734,NA,NA,"FALSE"
"581",2516102,"251610",14714,14714,NA,NA,"FALSE"
"582",2516151,"251615",3475,NA,NA,NA,NA
"583",2516201,"251620",68822,68822,68822,7,"FALSE"
"584",2516300,"251630",16784,16784,16784,NA,NA
"585",2516409,"251640",10822,10822,NA,NA,"FALSE"
"586",2516508,"251650",15376,15376,NA,NA,NA
"587",2516607,"251660",14568,14568,14568,NA,"FALSE"
"588",2516706,"251670",14974,14974,NA,NA,"FALSE"
"589",2516755,"251675",3011,3011,3011,0,"FALSE"
"590",2516805,"251680",9447,9447,NA,NA,"FALSE"
"591",2516904,"251690",15228,15228,NA,NA,"FALSE"
"592",2517001,"251700",9889,9889,9889,NA,"FALSE"
"593",2517100,"251710",2747,2747,2747,NA,"FALSE"
"594",2517209,"251720",5295,5295,NA,NA,"FALSE"
"595",2517407,"251740",2208,2208,NA,8,"FALSE"
"596",2600104,"260010",36709,36709,NA,16,"FALSE"
"597",2600203,"260020",19031,19031,NA,0,NA
"598",2600302,"260030",24256,24256,NA,0,NA
"599",2600500,"260050",42566,42566,NA,0,"FALSE"
"600",2600609,"260060",14341,14341,NA,0,"FALSE"
"601",2600807,"260080",22876,22876,NA,0,NA
"602",2601003,"260100",10882,10882,NA,0,"FALSE"
"603",2601102,"260110",82800,82800,82800,16,"FALSE"
"604",2601201,"260120",72625,72625,72625,0,NA
"605",2601607,"260160",20675,20675,NA,0,NA
"606",2601706,"260170",75462,75462,75462,0,"FALSE"
"607",2601805,"260180",12539,12539,12539,0,NA
"608",2601904,"260190",60386,60386,NA,0,NA
"609",2602001,"260200",37317,37317,37317,14,"FALSE"
"610",2602100,"260210",47760,47760,NA,0,NA
"611",2602209,"260220",38924,38924,NA,0,NA
"612",2602407,"260240",8989,8989,NA,0,NA
"613",2602506,"260250",7464,7464,NA,0,"FALSE"
"614",2602605,"260260",49092,49092,49092,0,NA
"615",2602803,"260280",56523,56523,NA,0,NA
"616",2603009,"260300",33247,33247,33247,10,"FALSE"
"617",2603108,"260310",19951,19951,NA,0,NA
"618",2603207,"260320",28145,28145,NA,0,"FALSE"
"619",2603306,"260330",11136,11136,NA,0,"FALSE"
"620",2603405,"260340",5745,5745,NA,6,NA
"621",2603504,"260350",18292,18292,NA,2,"FALSE"
"622",2603702,"260370",24837,24837,NA,0,"FALSE"
"623",2603801,"260380",19997,19997,NA,0,NA
"624",2603900,"260390",19318,19318,NA,6,NA
"625",2603926,"260392",12603,12603,12603,0,"FALSE"
"626",2604106,"260410",347088,347088,347088,0,"FALSE"
"627",2604155,"260415",14219,14219,NA,0,"FALSE"
"628",2604304,"260430",11515,11515,11515,0,"FALSE"
"629",2604502,"260450",21274,21274,NA,0,"TRUE"
"630",2604700,"260470",17968,17968,NA,0,NA
"631",2604908,"260490",13132,13132,NA,0,NA
"632",2605004,"260500",23841,23841,NA,0,NA
"633",2605103,"260510",36184,36184,NA,0,"FALSE"
"634",2605152,"260515",18321,18321,18321,0,"FALSE"
"635",2605301,"260530",31928,31928,NA,22,NA
"636",2605608,"260560",22588,22588,NA,9,NA
"637",2605707,"260570",31809,31809,NA,5,"FALSE"
"638",2605806,"260580",15137,15137,NA,1,NA
"639",2606002,"260600",136949,136949,136949,0,NA
"640",2606309,"260630",7308,7308,7308,10,NA
"641",2606408,"260640",81893,81893,81893,3,NA
"642",2606507,"260650",19010,NA,NA,NA,NA
"643",2606606,"260660",28604,28604,NA,0,"FALSE"
"644",2606705,"260670",7725,7725,NA,0,"FALSE"
"645",2606903,"260690",12137,12137,12137,0,"FALSE"
"646",2607000,"260700",21932,21932,21932,9,NA
"647",2607109,"260710",4556,4556,NA,0,NA
"648",2607307,"260730",29721,29721,29721,0,NA
"649",2607406,"260740",4754,4754,NA,0,NA
"650",2607505,"260750",26412,26412,NA,0,"FALSE"
"651",2607703,"260770",13780,13780,NA,0,"FALSE"
"652",2608008,"260800",16858,16858,NA,0,NA
"653",2608057,"260805",14587,14587,NA,11,"FALSE"
"654",2608107,"260810",32939,32939,NA,3,NA
"655",2608255,"260825",11202,11202,NA,0,"FALSE"
"656",2608305,"260830",14525,14525,NA,0,NA
"657",2608404,"260840",15171,15171,NA,0,"FALSE"
"658",2608602,"260860",12865,12865,NA,0,"FALSE"
"659",2608701,"260870",16161,16161,NA,0,NA
"660",2608750,"260875",24757,24757,24757,0,"FALSE"
"661",2608800,"260880",39240,39240,NA,2,NA
"662",2609154,"260915",20302,20302,NA,0,NA
"663",2609303,"260930",15098,15098,NA,0,"FALSE"
"664",2609709,"260970",23663,23663,NA,4,"FALSE"
"665",2609808,"260980",14445,14445,NA,2,NA
"666",2609907,"260990",67676,67676,NA,7,"FALSE"
"667",2610103,"261010",7969,7969,NA,0,"FALSE"
"668",2610202,"261020",26464,26464,26464,0,"FALSE"
"669",2610301,"261030",11357,11357,NA,0,"FALSE"
"670",2610400,"261040",21193,21193,NA,3,"TRUE"
"671",2610509,"261050",28982,28982,NA,0,NA
"672",2610806,"261080",22401,22401,NA,0,NA
"673",2610905,"261090",66153,66153,NA,3,"FALSE"
"674",2611002,"261100",35342,35342,NA,2,"FALSE"
"675",2611101,"261110",331951,331951,331951,8,"FALSE"
"676",2611200,"261120",11265,11265,NA,0,NA
"677",2611533,"261153",6823,6823,NA,5,NA
"678",2611705,"261170",20177,20177,NA,0,NA
"679",2612000,"261200",10437,10437,NA,0,NA
"680",2612109,"261210",10423,10423,NA,0,NA
"681",2612208,"261220",59769,59769,59769,25,"FALSE"
"682",2612307,"261230",15742,15742,NA,0,"FALSE"
"683",2612406,"261240",25047,25047,NA,0,NA
"684",2612455,"261245",14857,14857,NA,18,NA
"685",2612471,"261247",12375,12375,NA,0,"FALSE"
"686",2612505,"261250",101485,101485,NA,0,NA
"687",2612554,"261255",14172,14172,14172,6,"FALSE"
"688",2612604,"261260",41293,41293,NA,0,NA
"689",2612703,"261270",13826,13826,NA,0,"FALSE"
"690",2612802,"261280",11627,11627,NA,0,NA
"691",2613008,"261300",57659,57659,NA,7,NA
"692",2613107,"261310",36763,36763,NA,0,"FALSE"
"693",2613206,"261320",22403,22403,NA,1,NA
"694",2613305,"261330",21171,21171,NA,0,"FALSE"
"695",2613503,"261350",33677,33677,33677,1,NA
"696",2613602,"261360",33365,33365,33365,3,"TRUE"
"697",2613909,"261390",84352,84352,84352,15,NA
"698",2614006,"261400",19017,19017,NA,8,"FALSE"
"699",2614105,"261410",35367,35367,NA,10,NA
"700",2614303,"261430",11242,11242,NA,5,NA
"701",2614402,"261440",5949,5949,NA,0,"FALSE"
"702",2614501,"261450",63166,63166,NA,0,NA
"703",2614600,"261460",27958,27958,NA,4,NA
"704",2614709,"261470",12891,12891,NA,0,"TRUE"
"705",2614808,"261480",24626,24626,NA,0,NA
"706",2615003,"261500",27592,27592,27592,0,"FALSE"
"707",2615102,"261510",7057,7057,NA,1,NA
"708",2615201,"261520",10185,10185,NA,17,NA
"709",2615409,"261540",42123,42123,NA,0,NA
"710",2615607,"261560",29519,29519,NA,15,NA
"711",2615706,"261570",15250,15250,NA,0,"FALSE"
"712",2615805,"261580",26454,26454,26454,0,NA
"713",2615904,"261590",8149,8149,NA,2,NA
"714",2616001,"261600",17870,17870,NA,0,"FALSE"
"715",2616100,"261610",9450,9450,NA,4,NA
"716",2616183,"261618",7746,7746,NA,0,"FALSE"
"717",2616209,"261620",19976,19976,NA,0,"FALSE"
"718",2700102,"270010",20434,20434,NA,126,"FALSE"
"719",2700300,"270030",231053,231053,231053,156,NA
"720",2700706,"270070",18496,18496,18496,22,"FALSE"
"721",2700904,"270090",6775,6775,NA,12,NA
"722",2701209,"270120",10818,10818,NA,32,"FALSE"
"723",2701605,"270160",17976,17976,NA,220,NA
"724",2701803,"270180",8969,8969,NA,44,NA
"725",2702009,"270200",10992,10992,NA,6,NA
"726",2702355,"270235",24288,24288,NA,116,NA
"727",2702405,"270240",51997,51997,51997,144,"TRUE"
"728",2702504,"270250",11224,11224,NA,32,"FALSE"
"729",2702553,"270255",18306,18306,NA,9,NA
"730",2702900,"270290",40519,40519,NA,84,NA
"731",2703106,"270310",26041,26041,NA,104,NA
"732",2703304,"270330",18621,18621,NA,198,"FALSE"
"733",2703403,"270340",5429,5429,NA,12,NA
"734",2703700,"270370",5695,5695,NA,32,NA
"735",2704104,"270410",18343,18343,NA,89,"FALSE"
"736",2704401,"270440",20047,20047,NA,52,"FALSE"
"737",2704609,"270460",9770,9770,NA,28,"FALSE"
"738",2705002,"270500",25590,25590,NA,420,NA
"739",2705309,"270530",5425,5425,NA,12,NA
"740",2705408,"270540",7241,7241,NA,22,NA
"741",2705705,"270570",21641,21641,NA,25,NA
"742",2705804,"270580",9298,9298,NA,152,NA
"743",2706000,"270600",11688,11688,NA,27,NA
"744",2706109,"270610",11537,11537,NA,30,"FALSE"
"745",2706208,"270620",5004,5004,NA,20,"FALSE"
"746",2706307,"270630",73878,73878,73878,20,"FALSE"
"747",2706406,"270640",24878,24878,NA,22,NA
"748",2706422,"270642",10601,10601,NA,146,"FALSE"
"749",2707107,"270710",24950,24950,24950,24,NA
"750",2707206,"270720",14493,14493,NA,25,NA
"751",2707602,"270760",11592,11592,11592,10,NA
"752",2708006,"270800",47820,47820,47820,30,"FALSE"
"753",2708402,"270840",32271,32271,NA,27,NA
"754",2708956,"270895",13909,13909,NA,52,"FALSE"
"755",2709202,"270920",27798,27798,NA,43,"FALSE"
"756",2800100,"280010",2374,2374,NA,0,NA
"757",2800209,"280020",21312,21312,NA,0,NA
"758",2801108,"280110",4057,4057,NA,0,NA
"759",2801207,"280120",28279,28279,NA,0,NA
"760",2801405,"280140",21484,21484,NA,0,NA
"761",2801603,"280160",5890,5890,NA,0,NA
"762",2801900,"280190",3985,3985,NA,0,NA
"763",2802205,"280220",5573,5573,NA,0,NA
"764",2802304,"280230",15047,15047,NA,0,"TRUE"
"765",2802403,"280240",11724,11724,NA,0,"FALSE"
"766",2802601,"280260",5848,5848,NA,0,"FALSE"
"767",2803104,"280310",5017,5017,NA,0,NA
"768",2803708,"280370",6824,6824,6824,0,NA
"769",2804201,"280420",14853,14853,NA,0,"FALSE"
"770",2804458,"280445",8830,8830,8830,0,"FALSE"
"771",2804508,"280450",35726,35726,NA,0,NA
"772",2804607,"280460",26240,26240,NA,0,"FALSE"
"773",2804706,"280470",6494,6494,NA,0,NA
"774",2805000,"280500",3199,3199,NA,0,NA
"775",2805208,"280520",6440,6440,NA,0,NA
"776",2805406,"280540",33757,33757,NA,0,"FALSE"
"777",2805505,"280550",23416,23416,NA,0,"FALSE"
"778",2805604,"280560",28492,28492,NA,0,NA
"779",2805703,"280570",29655,29655,NA,0,NA
"780",2806008,"280600",18362,18362,NA,0,NA
"781",2807006,"280700",3902,3902,NA,0,NA
"782",2807105,"280710",40526,40526,40526,0,"FALSE"
"783",2807303,"280730",3170,3170,NA,0,NA
"784",2807402,"280740",51375,51375,NA,0,"FALSE"
"785",2900108,"290010",9226,NA,NA,NA,NA
"786",2900207,"290020",19574,19574,19574,6,"FALSE"
"787",2900355,"290035",17153,17153,NA,0,NA
"788",2900405,"290040",17043,17043,NA,0,NA
"789",2900504,"290050",11437,11437,NA,5,"FALSE"
"790",2901007,"290100",37807,37807,37807,11,"TRUE"
"791",2901155,"290115",16923,16923,NA,98,"FALSE"
"792",2901205,"290120",20096,20096,NA,1,"FALSE"
"793",2901304,"290130",13723,13723,NA,2,"FALSE"
"794",2901353,"290135",14791,14791,NA,21,"FALSE"
"795",2901502,"290150",11299,11299,NA,0,NA
"796",2901601,"290160",19183,19183,NA,3,NA
"797",2901700,"290170",12225,12225,NA,1,NA
"798",2901809,"290180",12187,12187,NA,2,NA
"799",2902005,"290200",14089,14089,NA,9,NA
"800",2902104,"290210",56370,56370,56370,7,"FALSE"
"801",2902609,"290260",21197,21197,NA,9,"FALSE"
"802",2902658,"290265",13711,13711,NA,1,"FALSE"
"803",2902708,"290270",54188,NA,NA,NA,"FALSE"
"804",2902807,"290280",22394,22394,22394,27,"FALSE"
"805",2902906,"290290",34853,34853,34853,11,NA
"806",2903003,"290300",14526,14526,NA,5,"FALSE"
"807",2903235,"290323",15377,15377,NA,15,NA
"808",2903276,"290327",15770,15770,NA,18,NA
"809",2903508,"290350",18383,18383,NA,2,NA
"810",2903607,"290360",15799,15799,NA,13,NA
"811",2903706,"290370",14577,14577,14577,0,NA
"812",2903805,"290380",18658,18658,NA,0,NA
"813",2903904,"290390",69526,69526,69526,82,NA
"814",2903953,"290395",10554,10554,NA,2,"FALSE"
"815",2904001,"290400",14585,14585,NA,0,NA
"816",2904050,"290405",16873,16873,NA,0,NA
"817",2904100,"290410",22429,NA,NA,NA,NA
"818",2904209,"290420",11021,11021,NA,1,NA
"819",2904308,"290430",15214,15214,15214,2,NA
"820",2904407,"290440",10698,10698,NA,54,NA
"821",2904506,"290450",11070,11070,NA,0,NA
"822",2904605,"290460",69255,69255,69255,3,"FALSE"
"823",2904753,"290475",21549,NA,NA,NA,NA
"824",2904803,"290480",10166,10166,NA,2,NA
"825",2904852,"290485",18978,18978,18978,18,NA
"826",2905008,"290500",23545,23545,NA,3,NA
"827",2905107,"290510",10143,10143,NA,0,"FALSE"
"828",2905156,"290515",15982,15982,NA,2,NA
"829",2905206,"290520",52531,52531,NA,11,"TRUE"
"830",2905305,"290530",18695,18695,NA,4,"FALSE"
"831",2905503,"290550",13641,13641,NA,17,NA
"832",2905909,"290590",29938,29938,29938,8,"FALSE"
"833",2906006,"290600",72271,72271,72271,0,NA
"834",2906204,"290620",26382,26382,NA,33,NA
"835",2906402,"290640",9011,9011,NA,0,NA
"836",2906600,"290660",14667,14667,NA,15,"FALSE"
"837",2906709,"290670",26855,26855,NA,3,"FALSE"
"838",2906808,"290680",35235,35235,NA,10,"FALSE"
"839",2906824,"290682",17177,17177,NA,36,"FALSE"
"840",2906857,"290685",12118,12118,NA,33,NA
"841",2906873,"290687",29346,29346,29346,4,"FALSE"
"842",2906899,"290689",10016,10016,10016,10,"FALSE"
"843",2907103,"290710",29955,29955,29955,8,"TRUE"
"844",2907202,"290720",72172,72172,72172,7,NA
"845",2907301,"290730",27286,27286,27286,22,"FALSE"
"846",2907558,"290755",9762,9762,9762,2,NA
"847",2907608,"290760",18140,18140,NA,4,NA
"848",2907707,"290770",11522,11522,11522,0,NA
"849",2907806,"290780",34478,34478,NA,1,NA
"850",2907905,"290790",17602,17602,NA,1,"FALSE"
"851",2908101,"290810",19396,NA,NA,NA,NA
"852",2908408,"290840",68146,68146,68146,0,"TRUE"
"853",2908705,"290870",18269,18269,NA,6,"FALSE"
"854",2908804,"290880",4326,4326,NA,2,"FALSE"
"855",2909000,"290900",8834,8834,NA,7,"FALSE"
"856",2909109,"290910",14976,14976,NA,12,"FALSE"
"857",2909208,"290920",17098,17098,17098,36,"FALSE"
"858",2909505,"290950",5560,5560,5560,10,NA
"859",2909604,"290960",21617,21617,NA,1,"FALSE"
"860",2909901,"290990",35208,35208,35208,7,NA
"861",2910107,"291010",12499,NA,NA,NA,NA
"862",2910305,"291030",8434,8434,NA,9,NA
"863",2910404,"291040",20331,20331,20331,3,NA
"864",2910701,"291070",60666,60666,60666,19,"FALSE"
"865",2910750,"291075",18481,18481,NA,8,NA
"866",2910776,"291077",5914,NA,NA,NA,NA
"867",2910800,"291080",617528,617528,617528,17,"TRUE"
"868",2910859,"291085",17583,17583,NA,13,NA
"869",2911253,"291125",4712,4712,4712,14,"TRUE"
"870",2911303,"291130",11423,11423,11423,2,"FALSE"
"871",2911402,"291140",16072,16072,16072,0,"FALSE"
"872",2911659,"291165",8805,8805,NA,2,"FALSE"
"873",2911709,"291170",85797,85797,85797,30,"FALSE"
"874",2911857,"291185",13762,13762,NA,8,NA
"875",2911907,"291190",26178,26178,NA,0,NA
"876",2912004,"291200",10502,10502,NA,6,NA
"877",2912202,"291220",19548,19548,NA,0,"FALSE"
"878",2912400,"291240",18674,18674,NA,3,NA
"879",2912509,"291250",15296,15296,NA,4,NA
"880",2912608,"291260",5158,5158,NA,4,"FALSE"
"881",2913002,"291300",16699,16699,16699,0,NA
"882",2913101,"291310",18727,18727,NA,0,"FALSE"
"883",2913200,"291320",27655,27655,27655,6,NA
"884",2913309,"291330",6311,6311,NA,0,NA
"885",2913408,"291340",16225,NA,NA,NA,NA
"886",2913507,"291350",27787,27787,27787,5,"FALSE"
"887",2913705,"291370",40915,40915,NA,2,"FALSE"
"888",2913804,"291380",15521,15521,NA,0,"TRUE"
"889",2914000,"291400",62095,62095,62095,6,"FALSE"
"890",2914109,"291410",10113,10113,10113,0,NA
"891",2914208,"291420",7472,7472,NA,8,NA
"892",2914307,"291430",10487,10487,NA,12,"FALSE"
"893",2914406,"291440",25006,25006,NA,0,NA
"894",2914604,"291460",73380,73380,73380,14,"FALSE"
"895",2914703,"291470",66310,66310,66310,1,"FALSE"
"896",2915007,"291500",16446,16446,NA,12,NA
"897",2915106,"291510",13359,13359,NA,0,NA
"898",2915353,"291535",14667,14667,NA,0,NA
"899",2915809,"291580",23327,23327,23327,11,NA
"900",2916401,"291640",76184,76184,76184,4,"TRUE"
"901",2916500,"291650",35987,35987,NA,2,NA
"902",2916708,"291670",8519,8519,8519,6,"FALSE"
"903",2916807,"291680",20091,20091,NA,0,NA
"904",2916856,"291685",14763,14763,NA,23,"FALSE"
"905",2916906,"291690",13307,13307,13307,0,"FALSE"
"906",2917003,"291700",38492,38492,38492,20,"FALSE"
"907",2917102,"291710",21178,21178,21178,12,NA
"908",2917201,"291720",19406,19406,19406,0,NA
"909",2917334,"291733",11331,11331,NA,1,NA
"910",2917409,"291740",15409,15409,NA,1,"FALSE"
"911",2917508,"291750",84811,84811,84811,2,"TRUE"
"912",2917607,"291760",55449,55449,55449,6,"TRUE"
"913",2917706,"291770",33186,33186,33186,5,"FALSE"
"914",2918001,"291800",161528,161528,161528,0,NA
"915",2918100,"291810",41100,41100,NA,22,"FALSE"
"916",2918357,"291835",25141,25141,NA,4,"FALSE"
"917",2918407,"291840",218324,218324,218324,2,NA
"918",2918506,"291850",15841,15841,NA,0,NA
"919",2918605,"291860",7229,7229,NA,0,"FALSE"
"920",2918704,"291870",4020,4020,NA,15,"FALSE"
"921",2918753,"291875",15801,15801,NA,0,NA
"922",2919009,"291900",3974,3974,3974,2,"FALSE"
"923",2919058,"291905",8836,8836,NA,3,NA
"924",2919108,"291910",9442,9442,NA,9,NA
"925",2919157,"291915",27521,27521,NA,6,NA
"926",2919306,"291930",11445,11445,11445,1,"FALSE"
"927",2919405,"291940",12966,12966,NA,1,"TRUE"
"928",2919504,"291950",46035,46035,NA,1,NA
"929",2919603,"291960",11837,11837,11837,6,"FALSE"
"930",2919702,"291970",18786,18786,NA,0,NA
"931",2919801,"291980",50262,50262,NA,13,"FALSE"
"932",2919900,"291990",8365,8365,NA,45,"FALSE"
"933",2919959,"291995",5174,5174,NA,0,"FALSE"
"934",2920007,"292000",10082,10082,NA,1,NA
"935",2920106,"292010",20097,20097,NA,13,"FALSE"
"936",2920205,"292020",17455,17455,NA,5,NA
"937",2920304,"292030",8896,8896,NA,2,"FALSE"
"938",2920403,"292040",14488,14488,NA,10,NA
"939",2920502,"292050",23751,23751,NA,1,"FALSE"
"940",2920809,"292080",10951,10951,NA,1,"FALSE"
"941",2921054,"292105",12314,12314,NA,14,NA
"942",2921203,"292120",27536,27536,27536,14,NA
"943",2921302,"292130",11659,11659,NA,9,"FALSE"
"944",2921401,"292140",18039,18039,NA,1,NA
"945",2921450,"292145",9902,9902,NA,5,"FALSE"
"946",2921500,"292150",54733,54733,NA,15,"FALSE"
"947",2921609,"292160",8967,8967,NA,9,"FALSE"
"948",2921708,"292170",36717,36717,36717,104,"FALSE"
"949",2921807,"292180",12477,12477,NA,1,"FALSE"
"950",2921906,"292190",10244,10244,10244,4,"TRUE"
"951",2922052,"292205",12200,12200,NA,29,"FALSE"
"952",2922102,"292210",27165,27165,NA,60,"FALSE"
"953",2922250,"292225",11495,11495,11495,12,NA
"954",2922656,"292265",13321,13321,NA,8,"FALSE"
"955",2922706,"292270",17082,17082,NA,1,NA
"956",2922730,"292273",8125,8125,NA,25,NA
"957",2922805,"292280",8312,8312,NA,27,"FALSE"
"958",2922854,"292285",9470,9470,NA,1,NA
"959",2922904,"292290",25854,25854,NA,0,NA
"960",2923035,"292303",12238,12238,NA,0,NA
"961",2923050,"292305",15993,15993,NA,1,"FALSE"
"962",2923100,"292310",26817,26817,26817,0,"FALSE"
"963",2923209,"292320",22774,22774,NA,0,"FALSE"
"964",2923357,"292335",17775,17775,NA,4,NA
"965",2923407,"292340",22416,22416,NA,2,"FALSE"
"966",2923506,"292350",9130,9130,9130,0,NA
"967",2923605,"292360",22077,22077,NA,3,"FALSE"
"968",2923704,"292370",32636,NA,NA,NA,"FALSE"
"969",2923803,"292380",29878,29878,NA,11,"FALSE"
"970",2924009,"292400",119214,119214,119214,2,NA
"971",2924058,"292405",14471,14471,NA,62,NA
"972",2924207,"292420",18135,18135,NA,14,NA
"973",2924306,"292430",18473,NA,NA,NA,NA
"974",2924405,"292440",35428,NA,NA,NA,NA
"975",2924504,"292450",16805,16805,NA,10,"FALSE"
"976",2924603,"292460",21062,NA,NA,NA,NA
"977",2924652,"292465",10742,10742,10742,0,"TRUE"
"978",2924702,"292470",12238,12238,NA,0,"FALSE"
"979",2924801,"292480",25027,25027,NA,40,NA
"980",2924900,"292490",9473,9473,NA,0,"FALSE"
"981",2925006,"292500",26632,26632,NA,5,"FALSE"
"982",2925105,"292510",48729,48729,NA,0,NA
"983",2925253,"292525",16168,16168,NA,4,NA
"984",2925402,"292540",8969,8969,NA,4,"FALSE"
"985",2925600,"292560",14712,14712,NA,4,"FALSE"
"986",2925709,"292570",13178,13178,13178,2,"FALSE"
"987",2925808,"292580",26083,26083,NA,2,NA
"988",2925907,"292590",28655,28655,NA,7,"FALSE"
"989",2925931,"292593",10033,10033,NA,17,NA
"990",2925956,"292595",24349,24349,NA,37,NA
"991",2926004,"292600",42275,42275,42275,5,"FALSE"
"992",2926103,"292610",13319,13319,NA,0,NA
"993",2926301,"292630",35403,35403,35403,46,"TRUE"
"994",2926400,"292640",36039,NA,NA,NA,NA
"995",2926509,"292650",15269,15269,NA,1,NA
"996",2926608,"292660",51418,51418,51418,0,"FALSE"
"997",2926657,"292665",8260,8260,NA,0,NA
"998",2926707,"292670",13616,13616,13616,0,NA
"999",2926806,"292680",15628,15628,NA,39,NA
"1000",2926905,"292690",12084,12084,NA,0,"FALSE"
"1001",2927101,"292710",8887,8887,8887,5,"FALSE"
"1002",2927200,"292720",31867,31867,31867,6,NA
"1003",2927507,"292750",20754,20754,20754,17,"FALSE"
"1004",2927606,"292760",15100,15100,15100,5,"FALSE"
"1005",2927903,"292790",11177,11177,11177,14,"FALSE"
"1006",2928000,"292800",36915,36915,NA,45,NA
"1007",2928208,"292820",27260,27260,NA,0,NA
"1008",2928307,"292830",9442,9442,NA,17,NA
"1009",2928505,"292850",10586,10586,10586,22,NA
"1010",2928802,"292880",53193,53193,53193,0,"FALSE"
"1011",2928950,"292895",9877,9877,NA,32,NA
"1012",2929057,"292905",15647,15647,NA,2,NA
"1013",2929255,"292925",19542,19542,NA,0,"FALSE"
"1014",2929370,"292937",11061,11061,NA,2,NA
"1015",2929701,"292970",20320,20320,NA,5,NA
"1016",2929800,"292980",12739,12739,NA,10,NA
"1017",2929909,"292990",45202,45202,NA,1,NA
"1018",2930006,"293000",11528,11528,NA,0,"FALSE"
"1019",2930105,"293010",81330,81330,81330,1,"FALSE"
"1020",2930154,"293015",33011,NA,NA,NA,NA
"1021",2930204,"293020",41464,NA,NA,NA,NA
"1022",2930303,"293030",18389,18389,NA,53,"FALSE"
"1023",2930402,"293040",15351,15351,NA,0,"FALSE"
"1024",2930501,"293050",83275,83275,83275,5,NA
"1025",2930600,"293060",13373,13373,NA,7,"FALSE"
"1026",2930758,"293075",13320,NA,NA,NA,NA
"1027",2930766,"293076",11767,11767,NA,1,NA
"1028",2930774,"293077",23583,23583,23583,3,"FALSE"
"1029",2930808,"293080",17332,17332,NA,50,NA
"1030",2930907,"293090",13025,13025,NA,53,NA
"1031",2931004,"293100",21282,21282,NA,0,NA
"1032",2931053,"293105",17702,17702,NA,5,NA
"1033",2931103,"293110",8553,8553,NA,17,NA
"1034",2931301,"293130",17398,17398,17398,132,"FALSE"
"1035",2931509,"293150",23011,23011,23011,0,NA
"1036",2931806,"293180",18187,18187,NA,3,NA
"1037",2931905,"293190",55777,55777,55777,0,NA
"1038",2932002,"293200",25087,25087,NA,4,NA
"1039",2932101,"293210",20782,20782,20782,0,"FALSE"
"1040",2932408,"293240",14483,14483,NA,0,"FALSE"
"1041",2932457,"293245",19055,19055,NA,9,NA
"1042",2932606,"293260",17301,NA,NA,NA,"TRUE"
"1043",2932804,"293280",19593,19593,NA,0,"FALSE"
"1044",2933000,"293300",27906,27906,NA,0,"FALSE"
"1045",2933059,"293305",14729,14729,NA,1,NA
"1046",2933109,"293310",9416,9416,NA,18,"FALSE"
"1047",2933158,"293315",13470,13470,13470,4,"FALSE"
"1048",2933307,"293330",343230,343230,343230,13,"TRUE"
"1049",2933406,"293340",9731,9731,NA,0,NA
"1050",2933604,"293360",48316,48316,48316,15,"FALSE"
"1051",3101003,"310100",13447,13447,13447,0,"FALSE"
"1052",3101706,"310170",41296,41296,41296,53,NA
"1053",3102704,"310270",9410,9410,NA,5,"FALSE"
"1054",3103405,"310340",37270,37270,37270,47,"FALSE"
"1055",3105202,"310520",5019,5019,5019,20,"FALSE"
"1056",3106507,"310650",12431,12431,12431,27,"FALSE"
"1057",3106655,"310665",4661,4661,NA,0,"FALSE"
"1058",3108255,"310825",10669,10669,NA,1,NA
"1059",3112703,"311270",15074,15074,15074,8,"FALSE"
"1060",3113008,"311300",23571,23571,23571,9,"FALSE"
"1061",3115474,"311547",5174,5174,5174,1,"FALSE"
"1062",3116100,"311610",15657,15657,NA,127,NA
"1063",3117009,"311700",7835,7835,7835,18,"FALSE"
"1064",3117836,"311783",7564,7564,NA,2,"FALSE"
"1065",3119500,"311950",9400,9400,9400,12,"FALSE"
"1066",3120300,"312030",6010,6010,6010,0,"FALSE"
"1067",3120870,"312087",7491,7491,NA,0,NA
"1068",3122355,"312235",6478,6478,NA,0,NA
"1069",3122454,"312245",10209,10209,10209,0,"TRUE"
"1070",3124302,"312430",32151,32151,NA,0,"FALSE"
"1071",3125606,"312560",7338,7338,7338,0,"TRUE"
"1072",3126505,"312650",10550,10550,NA,18,"FALSE"
"1073",3126703,"312670",26217,26217,26217,365,"FALSE"
"1074",3127073,"312707",5809,5809,NA,11,NA
"1075",3127339,"312733",5255,NA,NA,NA,NA
"1076",3127800,"312780",15805,15805,15805,5,"FALSE"
"1077",3129657,"312965",6206,6206,NA,1,NA
"1078",3130655,"313065",7526,7526,7526,0,"FALSE"
"1079",3132107,"313210",18383,18383,18383,0,"FALSE"
"1080",3133303,"313330",21564,21564,21564,10,"FALSE"
"1081",3134004,"313400",15059,15059,15059,25,"FALSE"
"1082",3134707,"313470",12537,12537,12537,32,NA
"1083",3135050,"313505",37054,37054,37054,4,"TRUE"
"1084",3135100,"313510",70886,70886,70886,6,"TRUE"
"1085",3135209,"313520",68247,68247,68247,1,"FALSE"
"1086",3135357,"313535",8643,8643,NA,1,"FALSE"
"1087",3135456,"313545",7580,7580,7580,8,NA
"1088",3135803,"313580",25365,25365,25365,12,"TRUE"
"1089",3136009,"313600",15562,15562,15562,218,NA
"1090",3136504,"313650",10826,10826,10826,0,"FALSE"
"1091",3136520,"313652",4643,4643,4643,3,"FALSE"
"1092",3136579,"313657",4830,4830,4830,4,"FALSE"
"1093",3136959,"313695",5861,5861,5861,0,NA
"1094",3138658,"313865",8938,8938,8938,1,NA
"1095",3139250,"313925",6591,NA,NA,NA,"FALSE"
"1096",3139300,"313930",19622,19622,19622,2,"FALSE"
"1097",3140555,"314055",8425,8425,8425,0,"TRUE"
"1098",3140852,"314085",10822,10822,NA,11,NA
"1099",3141009,"314100",12895,12895,NA,51,NA
"1100",3141405,"314140",21459,21459,21459,6,NA
"1101",3142254,"314225",4832,4832,NA,10,"FALSE"
"1102",3142700,"314270",15779,15779,15779,0,"FALSE"
"1103",3142908,"314290",21990,21990,21990,0,"FALSE"
"1104",3143153,"314315",4897,4897,4897,38,"FALSE"
"1105",3143450,"314345",8041,8041,NA,0,"FALSE"
"1106",3144656,"314465",10301,10301,NA,0,"FALSE"
"1107",3145059,"314505",7636,7636,7636,4,"TRUE"
"1108",3145307,"314530",31803,31803,31803,16,"FALSE"
"1109",3145372,"314537",5255,5255,5255,15,NA
"1110",3146255,"314625",6250,6250,6250,23,NA
"1111",3146305,"314630",19971,19971,NA,12,"FALSE"
"1112",3146552,"314655",6162,6162,NA,3,"TRUE"
"1113",3147956,"314795",5914,5914,NA,0,"FALSE"
"1114",3148707,"314870",24683,24683,24683,28,"TRUE"
"1115",3149150,"314915",11193,11193,NA,8,"TRUE"
"1116",3152170,"315217",12016,12016,NA,36,NA
"1117",3152204,"315220",38720,38720,38720,44,"TRUE"
"1118",3154507,"315450",9658,9658,9658,9,"FALSE"
"1119",3155603,"315560",30732,30732,30732,0,"FALSE"
"1120",3156502,"315650",7093,7093,7093,12,"FALSE"
"1121",3156601,"315660",10330,10330,NA,0,NA
"1122",3157005,"315700",41301,41301,41301,13,"FALSE"
"1123",3157104,"315710",7107,7107,NA,3,NA
"1124",3157377,"315737",4383,4383,4383,15,"FALSE"
"1125",3158102,"315810",5393,5393,5393,53,NA
"1126",3160454,"316045",7290,7290,7290,0,"FALSE"
"1127",3162401,"316240",25906,25906,25906,2,NA
"1128",3162450,"316245",12652,12652,NA,1,NA
"1129",3162708,"316270",23526,23526,23526,0,NA
"1130",3166956,"316695",4712,4712,NA,0,"TRUE"
"1131",3168002,"316800",33315,33315,33315,5,"FALSE"
"1132",3170651,"317065",4989,4989,NA,0,NA
"1133",3170909,"317090",19702,19702,19702,0,NA
"1134",3171030,"317103",9056,9056,NA,2,"TRUE"
"1135",3171600,"317160",14030,14030,NA,5,NA
